<?xml version='1.0' encoding='UTF-8' standalone='yes'?>
<plurinotes>
 <activeNotes>
  <articles>
   <article>
    <id>1</id>
    <title>Chouette </title>
    <createdOn>Thu Jun 15 22:33:23 2017</createdOn>
    <lastModifOn>Thu Jun 15 22:37:25 2017</lastModifOn>
    <text>Article sur les chouettes !!</text>
    <versions/>
   </article>
  </articles>
  <multimedias>
   <multimedia>
    <id>2</id>
    <title>Photo chouette</title>
    <createdOn>Thu Jun 15 22:33:47 2017</createdOn>
    <lastModifOn>Thu Jun 15 22:37:10 2017</lastModifOn>
    <description>Description de la chouette</description>
    <fileName>2.jpeg</fileName>
    <type>picture</type>
    <versions/>
   </multimedia>
  </multimedias>
  <tasks>
   <task>
    <id>3</id>
    <title>Faire les courses</title>
    <createdOn>Thu Jun 15 22:34:09 2017</createdOn>
    <lastModifOn>Thu Jun 15 22:37:32 2017</lastModifOn>
    <action>Voila</action>
    <priority>52</priority>
    <deadline></deadline>
    <status>0</status>
    <versions/>
   </task>
  </tasks>
 </activeNotes>
 <relations>
  <relation>
   <id>1</id>
   <title>Encyclopédie</title>
   <description>Voila une photo de chouette avec son article</description>
   <isOriented>FALSE</isOriented>
   <couples>
    <couple>1/2</couple>
    <couple>2/1</couple>
    <couple>1/3</couple>
    <couple>3/1</couple>
   </couples>
  </relation>
 </relations>
 <couples>
  <couple>
   <id>1/2</id>
   <label>Encyclopédie</label>
   <noteX>1</noteX>
   <noteY>2</noteY>
  </couple>
  <couple>
   <id>2/1</id>
   <label>Encyclopédie</label>
   <noteX>2</noteX>
   <noteY>1</noteY>
  </couple>
  <couple>
   <id>1/3</id>
   <label>Aucun rapport</label>
   <noteX>1</noteX>
   <noteY>3</noteY>
  </couple>
  <couple>
   <id>3/1</id>
   <label>Aucun rapport</label>
   <noteX>3</noteX>
   <noteY>1</noteY>
  </couple>
 </couples>
</plurinotes>
